from,to
Dieckmann,WHH
vonBraun,WHH
Diallo,WHH
Geisler,WHH
LaniusHeck,WHH
Schetter,WHH
SchulzIsenbeck,WHH
Wahnbaeck,WHH
Mogge,WHH
Monning,WHH
Adrion,WHH
Bellut,WHH
Bettermann,WHH
Conrad,WHH
Cukrowski,WHH
Dahrendorf,WHH
Detmers,WHH
Griefahn,WHH
Heck,WHH
KÃ¼nzer,WHH
Leipold,WHH
Oetker,WHH
Pfitzer,WHH
Preuss,WHH
Raue,WHH
Reim,WHH
Riesenbeck,WHH
Schindhelm,WHH
Schwan,WHH
vonGriesheim,WHH
vonHoltzbrinck,WHH
Zschocke,WHH
Muentefering,ASB
Gleicke,ASB
Hammerschmidt,ASB
MuellerW,ASB
Fleckenstein,ASB
Borchmann,ASB
Loew,ASB
Altdoerfer,ASB
Foelich,ASB
Niestaedt,ASB
SchmidtT,ASB
Stricker,ASB
Theiss,ASB
Scholz,ASB
Schein,ASB
Bauch,ASB
Kreutz,ASB
Mertenskoetter,arche
Trentzsch,arche
Loeper,arche
Voigt,arche
Olkusznik,arche
Choi,arche
Panzerbieter,GTO
Marth,GTO
Langenbach,GTO
Wagner,GTO
Papendieck,IOG
Saygin,IOG
Appel,IOG
Straub,IOG
Faber,IOG
Luessem,JU
Maehnert,JU
vonPuttkamer,JU
Weise,JU
Fenge,JU
vonGneisenau,JU
Dyckerhoff,JU
Koelling,JU
Little,JU
Seligmann,JU
WagnerPinggera,JU
Bieger,JU
Fritz,JU
Preuss,JU
Tuppeck,JU
Boeker,JU
Hermeier,JU
Kroessin,JU
Kruse,JU
Kraemer,WRD
Hamm,WRD
Benckert,WRD
vonLobkowicz ,MI
vonMirbachHarff,MI
vonBrandensteinZeppelin,MI
zuLoewenstein,MI
Pankau,MI
Hoelken,MI
SaurmaJeltsch,MI
vonFuerstenberg,MI
Bauch,PD
Berger,PD
Daliri,PD
Kloppenburg,PD
Klausnitzer,PD
Kramer,PD
Ritz,PD
Schweibert,PD
Strehlau,PD
Taube,PD
Wirtz,PD
Schleyer,PD
JahrStilcken,PD
vonBassewitz,PD
AroldHahn,PD
Doerner,PD
Bernadotte,PD
Ellerbeck,PD
Eick,PD
vonHardenberg,PD
Hess,PD
Funke,PD
Jergitsch,PD
Hopfen,PD
Kracht,PD
Kloeckner,PD
Marjan,PD
Kretz,PD
Noelling,PD
MayerBonde,PD
Roth,PD
Risser,PD
Schwesig,PD
Schoenwaelder,PD
Stewens,PD
SeegersKarasek,PD
Wickert,PD
Steffen,PD
Veith,PD
Rau,VcA
Weskott,VcA
Doever,VcA
Rueckheim,VcA
Kiefer,WU
Jurga,WU
Narayanan,WIN
Mohr,WECF
Waffenschmidt,WV
Hilligen,WV
Duerr,WV
GummervonMohl,WV
Dahmen,WV
Kockskaemper,WV
Massmann,WV
Scheffels,WV
Schenck,WV
Vieth,WV
Wacker,WV
Winkeljohann,WV
Adlhoch,WV
Baer,WV
Beer,WV
Fraedrich,WV
Fricke,WV
Hajduk,WV
Kohl,WV
Koschyk,WV
Nooke,WV
Nouripour,WV
Ploeger,WV
Rieck,WV
Ruethrich,WV
Schloendorff,WV
Polte,care
Lehners,care
Sehrbrock,care
Scharrenbroich,care
MatthaeusMaier,care
Schlachtenberger,care
Schadeck,care
Jostes,care
Klos,care
VanDeSand,care
Roth,care
Addicks,care
Bergsdorf,care
Boehmer,care
Braun,care
Eigen,care
Eisenblaetter,care
Eppelmann,care
Fink,care
Fischer,care
Funke,care
Hoffmann,care
Hornhues,care
Jamann,care
Kiencke,care
Klose,care
Knoerig,care
Kofler,care
Lehr,care
Lenz,care
DeMaiziere,care
Molt,care
Muellerleile,care
Nachtwei,care
Neuser,care
Pinger,care
Prinz,care
Reimers,care
Reuter,care
Roettgen,care
Schareck,care
Schneider,care
Schulte,care
Schwan,care
Teltschik,care
Vaatz,care
Vassiliadis,care
Vogel,care
Weiler,care
WieczorekZeul,care
Winkhaus,care
Bindig,help
Hedrich,help
Kippels,help
Woehrl,help
Liebich,help
Mogaddedi,help
Sarrazin,help
Kopp,help
JostenJanssen,help
Baust,help
Dieckmann,help
Echtermeyer,help
Heininger,help
Kelber,help
Kersting,help
Klippert,help
LueckingMichel,help
Rolfes,help
Sridharan,help
Pastors,am
Bonsmann,am
Biermann,am
Thomassen,am
Menn,am
Derix,am
Hochbruck,am
Viefers,am
Optendrenk,am
Kersting,am
Glimm,am
Koerber,am
Kindling,am
Brockes,am
Schummer,am
Fertmann,am
Schiefner,am
Kofler,am
Weinholt,am
Schiessl,cbm
Brockhaus,cbm
Biley,cbm
Duncker,cbm
Fischer,cbm
Heesch,cbm
Huppenbauer,cbm
Rabbow,cbm
Rossmann,cbm
Schuermann,cbm
Starzacher,cbm
Zaspel,ToG
Lorenz,ToG
Rollefson,ToG
Bellmann,ToG
Abraham,ToG
Hoppenheit,ToG
Deger,ToG
Griebenow,ToG
Jakobs,DAHW
Potschka,DAHW
Wollenschlaeger,DAHW
Kloetzer,DAHW
Greulich,DAHW
Miesen,DAHW
Hammerschmidt,DAHW
Mack,DAHW
Schroeren,DAHW
Klement,DAHW
Molke,ADRA
Dullinger,ADRA
Zens,ADRA
Martins,ADRA
Brito,ADRA
Naether,ADRA
